account,content_id,caption,hashtags,content_type
unprofessional_trollers,https://www.instagram.com/p/C_Dcyn0PD5y/,,,post
unprofessional_trollers,https://www.instagram.com/p/C_FvxU4Pb_d/,,,post
unprofessional_trollers,https://www.instagram.com/p/C_GYHDcv9Pl/,,,post
unprofessional_trollers,https://www.instagram.com/p/C_GUuL4PUiG/,,,post
unprofessional_trollers,https://www.instagram.com/p/C_GGhgivK9L/,,,post
unprofessional_trollers,https://www.instagram.com/p/C_H6AEoPA6m/,,,post
unprofessional_trollers,https://www.instagram.com/p/C_IxjoBPByG/,,,post
unprofessional_trollers,https://www.instagram.com/p/C_Kb5naP5zn/,,,post
unprofessional_trollers,https://www.instagram.com/p/C_KPfqbvNWx/,,,post
unprofessional_trollers,https://www.instagram.com/p/C_KrC6Wv9Wr/,,,post
unprofessional_trollers,https://www.instagram.com/p/C_LYRSSyLz5/,,,post
unprofessional_trollers,https://www.instagram.com/p/C_NIcbjv6_u/,,,post
unprofessional_trollers,https://www.instagram.com/p/C_Ktk5mv9Kk/,,,post
unprofessional_trollers,https://www.instagram.com/p/C_LXRtrSJsf/,,,post
unprofessional_trollers,https://www.instagram.com/p/C_NhCWUPai1/,,,post
unprofessional_trollers,https://www.instagram.com/p/C_N5DjfP5p3/,,,post
unprofessional_trollers,https://www.instagram.com/p/C_P1U_zvOwI/,,,post
unprofessional_trollers,https://www.instagram.com/p/C_SAjpBP54V/,,,post
unprofessional_trollers,https://www.instagram.com/p/C_SOri1PbRv/,,,post
unprofessional_trollers,https://www.instagram.com/p/C_TEY8Rvntn/,,,post
unprofessional_trollers,https://www.instagram.com/p/C_S9UWpPruX/,,,post
unprofessional_trollers,https://www.instagram.com/p/C_SHVMcPCt7/,,,post
unprofessional_trollers,https://www.instagram.com/p/C_TJ3nBPqyW/,,,post
unprofessional_trollers,https://www.instagram.com/p/C_VddRjv-N7/,,,post
unprofessional_trollers,https://www.instagram.com/p/C_XZaZGvcwl/,,,post
unprofessional_trollers,https://www.instagram.com/p/C_XRU6DP5lj/,,,post
unprofessional_trollers,https://www.instagram.com/p/C_X8fF8PnGF/,,,post
unprofessional_trollers,https://www.instagram.com/p/C_X42KWvQ5v/,,,post
unprofessional_trollers,https://www.instagram.com/p/C_XsFiqPDy2/,,,post
unprofessional_trollers,https://www.instagram.com/p/C_XjRK9vc3r/,,,post
unprofessional_trollers,https://www.instagram.com/p/C_X4ONfPoAZ/,,,post
unprofessional_trollers,https://www.instagram.com/p/C_YZQKAPeYw/,,,post
unprofessional_trollers,https://www.instagram.com/p/C_YXXEkvKVr/,,,post
unprofessional_trollers,https://www.instagram.com/p/C_YdLzNv9_e/,,,post
unprofessional_trollers,https://www.instagram.com/p/C_Z3TEvvbf4/,,,post
unprofessional_trollers,https://www.instagram.com/p/C_Zk0ZfPtRY/,,,post
unprofessional_trollers,https://www.instagram.com/p/C_aDiFgPDCf/,,,post
unprofessional_trollers,https://www.instagram.com/p/C_Zjbpdv84a/,,,post
unprofessional_trollers,https://www.instagram.com/p/C_Yn38wSsaX/,,,post
unprofessional_trollers,https://www.instagram.com/p/C_aRG59vYrM/,,,post
unprofessional_trollers,https://www.instagram.com/p/C_al4_OvqXU/,,,post
unprofessional_trollers,https://www.instagram.com/p/C_au38fvbZO/,,,post
unprofessional_trollers,https://www.instagram.com/p/C_ap8F9vaBp/,,,post
unprofessional_trollers,https://www.instagram.com/p/C_c_f-nP0Ww/,,,post
unprofessional_trollers,https://www.instagram.com/p/C_cq0phPwcJ/,,,post
unprofessional_trollers,https://www.instagram.com/p/C_dEoUtPC1_/,,,post
unprofessional_trollers,https://www.instagram.com/p/C_dkKLFvFv-/,,,post
unprofessional_trollers,https://www.instagram.com/p/C_dCG49P3MQ/,,,post
unprofessional_trollers,https://www.instagram.com/p/C_XLtjZPPtI/,,,post
unprofessional_trollers,https://www.instagram.com/p/C_f1q29PLi2/,,,post
unprofessional_trollers,https://www.instagram.com/p/C_fWWiJPD60/,,,post
unprofessional_trollers,https://www.instagram.com/p/C_e0wISvh5o/,,,post
unprofessional_trollers,https://www.instagram.com/p/C_fshDSvce6/,,,post
unprofessional_trollers,https://www.instagram.com/p/C_fY5HNPYSW/,,,post
unprofessional_trollers,https://www.instagram.com/p/C_hgmU0v2ga/,,,post
unprofessional_trollers,https://www.instagram.com/p/C_iLag6P-UH/,,,post
unprofessional_trollers,https://www.instagram.com/p/C_iXHX8PXsG/,,,post
unprofessional_trollers,https://www.instagram.com/p/C_icG47P9I6/,,,post
unprofessional_trollers,https://www.instagram.com/p/C_himLIvb_q/,,,post
unprofessional_trollers,https://www.instagram.com/p/C_kAFhnvIVq/,,,post
unprofessional_trollers,https://www.instagram.com/p/C_kIaLfvGU1/,,,post
unprofessional_trollers,https://www.instagram.com/p/C_krKjZPQvy/,,,post
unprofessional_trollers,https://www.instagram.com/p/C_lPeHnvz64/,,,post
unprofessional_trollers,https://www.instagram.com/p/C_ku2ccPyox/,,,post
unprofessional_trollers,https://www.instagram.com/p/C_mbehLv7kL/,,,post
unprofessional_trollers,https://www.instagram.com/p/C_mxLjXPEJL/,,,post
unprofessional_trollers,https://www.instagram.com/p/C_kwB58PFS6/,,,post
unprofessional_trollers,https://www.instagram.com/p/C_nPslsvjF1/,,,post
unprofessional_trollers,https://www.instagram.com/p/C_m_HTzP3cZ/,,,post
unprofessional_trollers,https://www.instagram.com/p/C_n2dk3viN-/,,,post
unprofessional_trollers,https://www.instagram.com/p/C_nY3_sP-in/,,,post
unprofessional_trollers,https://www.instagram.com/p/C_oIoxnTgsH/,,,post
unprofessional_trollers,https://www.instagram.com/p/C_nLTK8P5cj/,,,post
unprofessional_trollers,https://www.instagram.com/p/C_pdrgpvfrq/,,,post
unprofessional_trollers,https://www.instagram.com/p/C_pSrfqvZ0X/,,,post
unprofessional_trollers,https://www.instagram.com/p/C_paMG_Pw58/,,,post
unprofessional_trollers,https://www.instagram.com/p/C_pkPmzPMMs/,,,post
unprofessional_trollers,https://www.instagram.com/p/C_qSWBXPuAH/,,,post
unprofessional_trollers,https://www.instagram.com/p/C_r5w_GvftZ/,,,post
unprofessional_trollers,https://www.instagram.com/p/C_p1zQqvit6/,,,post
unprofessional_trollers,https://www.instagram.com/p/C_qkLyuSEtA/,,,post
unprofessional_trollers,https://www.instagram.com/p/C_sCGsTP8CS/,,,post
unprofessional_trollers,https://www.instagram.com/p/C_sUVMFPlz_/,,,post
unprofessional_trollers,https://www.instagram.com/p/C_s_FuVvaOW/,,,post
unprofessional_trollers,https://www.instagram.com/p/C_t_OWhyj2U/,,,post
unprofessional_trollers,https://www.instagram.com/p/C_ubwF8P-bs/,,,post
unprofessional_trollers,https://www.instagram.com/p/C_ux1nsP8hM/,,,post
unprofessional_trollers,https://www.instagram.com/p/C_uqCEDPxEO/,,,post
unprofessional_trollers,https://www.instagram.com/p/C_vTSw2vGzJ/,,,post
unprofessional_trollers,https://www.instagram.com/p/C_vNiXuPToW/,,,post
unprofessional_trollers,https://www.instagram.com/p/C_xGP2ovGDJ/,,,post
unprofessional_trollers,https://www.instagram.com/p/C_yDg6sPfzw/,,,post
unprofessional_trollers,https://www.instagram.com/p/C_xsxAgPR_C/,,,post
unprofessional_trollers,https://www.instagram.com/p/C_x9qIFP5RD/,,,post
unprofessional_trollers,https://www.instagram.com/p/C_x5VA_vOE3/,,,post
unprofessional_trollers,https://www.instagram.com/p/C_2J9SmPLpI/,,,post
unprofessional_trollers,https://www.instagram.com/p/C_19m9YPNsT/,,,post
unprofessional_trollers,https://www.instagram.com/p/C_5UD7rPmYj/,,,post
unprofessional_trollers,https://www.instagram.com/p/C_5VsGvP-a8/,,,post
unprofessional_trollers,https://www.instagram.com/p/C_5Y_MAP0Qr/,,,post
